{"cameraMode":{"drawMode":0,"name":"Shaded","section":"Shading Mode"},"sceneLighting":true,"audioPlay":false,"sceneViewState":{"showFog":true,"showMaterialUpdate":true,"showSkybox":true,"showFlares":true,"showImageEffects":true,"showParticleSystems":true},"in2DMode":false,"pivot":{"x":0.13043212890625,"y":-0.6709451675415039,"z":-0.08289957046508789},"rotation":{"x":-0.15169575810432435,"y":0.847678005695343,"z":-0.3413380980491638,"w":-0.3767203688621521},"size":22.476411819458009,"orthographic":false}